Model,Test Loss,Test Accuracy (%),F1 Score - CN,F1 Score - MCI,F1 Score - AD,ROC AUC - CN,ROC AUC - MCI,ROC AUC - AD,Average F1 Score,Average ROC AUC
alexnet3d,1.2569200158119205,42.22222222222222,0.6,0.4242424242424242,0.0,0.6907327586206897,0.5673076923076923,0.6465517241379309,0.3414141414141414,0.6348640583554377
resnet3d,1.4604472398757935,42.22222222222222,0.5614035087719298,0.0,0.3,0.6637931034482758,0.6081730769230769,0.5625,0.28713450292397663,0.6114887267904509
alzheimer_cnn,1.0732022338443332,35.55555555555556,0.5,0.1176470588235294,0.1904761904761904,0.6853448275862069,0.6225961538461539,0.5948275862068966,0.26937441643323995,0.6342561892130857
