Model,Class,AUC
alexnet3d,CN,0.6907327586206897
alexnet3d,MCI,0.5673076923076923
alexnet3d,AD,0.6465517241379309
alzheimer_cnn,CN,0.6853448275862069
alzheimer_cnn,MCI,0.6225961538461539
alzheimer_cnn,AD,0.5948275862068966
resnet3d,CN,0.6637931034482758
resnet3d,MCI,0.6081730769230769
resnet3d,AD,0.5625
