,precision,recall,f1-score,support
CN,0.5,0.75,0.6,16.0
MCI,0.5,0.38461538461538464,0.43478260869565216,13.0
AD,0.6363636363636364,0.4375,0.5185185185185185,16.0
accuracy,0.5333333333333333,0.5333333333333333,0.5333333333333333,0.5333333333333333
macro avg,0.5454545454545454,0.5240384615384616,0.5177670424047235,45.0
weighted avg,0.5484848484848485,0.5333333333333333,0.5232993379853283,45.0
