,precision,recall,f1-score,support
CN,0.46153846153846156,0.75,0.5714285714285714,16.0
MCI,0.35714285714285715,0.38461538461538464,0.37037037037037035,13.0
AD,0.8,0.25,0.38095238095238093,16.0
accuracy,0.4666666666666667,0.4666666666666667,0.4666666666666667,0.4666666666666667
macro avg,0.5395604395604395,0.4615384615384615,0.4409171075837743,45.0
weighted avg,0.5517216117216118,0.4666666666666667,0.4456202233980011,45.0
