class,auc
CN,0.7198275862068966
MCI,0.5817307692307693
AD,0.625
