class,auc
CN,0.16666666666666663
MCI,0.27777777777777773
AD,0.5
