,precision,recall,f1-score,support
CN,0.45,0.5625,0.5,16.0
MCI,0.3333333333333333,0.23076923076923078,0.2727272727272727,13.0
AD,0.5,0.5,0.5,16.0
accuracy,0.4444444444444444,0.4444444444444444,0.4444444444444444,0.4444444444444444
macro avg,0.42777777777777776,0.4310897435897436,0.42424242424242425,45.0
weighted avg,0.43407407407407406,0.4444444444444444,0.43434343434343436,45.0
