class,auc
CN,0.7047413793103448
MCI,0.5793269230769231
AD,0.6400862068965518
