,precision,recall,f1-score,support
CN,0.3902439024390244,1.0,0.5614035087719298,16.0
MCI,0.0,0.0,0.0,13.0
AD,0.75,0.1875,0.3,16.0
accuracy,0.4222222222222222,0.4222222222222222,0.4222222222222222,0.4222222222222222
macro avg,0.3800813008130081,0.3958333333333333,0.28713450292397663,45.0
weighted avg,0.40542005420054195,0.4222222222222222,0.30627680311890837,45.0
