class,auc
CN,0.6637931034482758
MCI,0.6081730769230769
AD,0.5625
