Model,Test Loss,Test Accuracy (%),F1 Score - CN,F1 Score - MCI,F1 Score - AD,ROC AUC - CN,ROC AUC - MCI,ROC AUC - AD,Average F1 Score,Average ROC AUC
alzheimer_cnn,1.1124296241336398,42.22222222222222,0.5161290322580645,0.1818181818181818,0.4864864864864865,0.5560344827586207,0.5673076923076923,0.6379310344827587,0.3948112335209109,0.5870910698496906
alexnet3d,1.0977891047795614,35.55555555555556,0.5245901639344263,0.0,0.0,0.5,0.5,0.5,0.17486338797814208,0.5
resnet3d,1.0940941625171237,35.55555555555556,0.5245901639344263,0.0,0.0,0.5366379310344828,0.5048076923076923,0.4741379310344827,0.17486338797814208,0.5051945181255526
