,precision,recall,f1-score,support
CN,0.0,0.0,0.0,3.0
MCI,0.2857142857142857,0.6666666666666666,0.4,3.0
AD,0.0,0.0,0.0,3.0
accuracy,0.2222222222222222,0.2222222222222222,0.2222222222222222,0.2222222222222222
macro avg,0.09523809523809523,0.2222222222222222,0.13333333333333333,9.0
weighted avg,0.09523809523809523,0.2222222222222222,0.13333333333333336,9.0
