class,auc
CN,0.16666666666666663
MCI,0.2222222222222222
AD,0.5555555555555556
