,precision,recall,f1-score,support
CN,0.3611111111111111,0.8125,0.5,16.0
MCI,0.25,0.07692307692307693,0.11764705882352941,13.0
AD,0.4,0.125,0.19047619047619047,16.0
accuracy,0.35555555555555557,0.35555555555555557,0.35555555555555557,0.35555555555555557
macro avg,0.337037037037037,0.3381410256410256,0.26937441643323995,45.0
weighted avg,0.34283950617283954,0.35555555555555557,0.27948957360722065,45.0
