class,auc
CN,0.6853448275862069
MCI,0.6225961538461539
AD,0.5948275862068966
