class,auc
CN,0.7036637931034483
MCI,0.6105769230769231
AD,0.6002155172413792
