,precision,recall,f1-score,support
CN,0.4444444444444444,0.25,0.32,16.0
MCI,0.5,0.15384615384615385,0.23529411764705882,13.0
AD,0.40625,0.8125,0.5416666666666666,16.0
accuracy,0.4222222222222222,0.4222222222222222,0.4222222222222222,0.4222222222222222
macro avg,0.45023148148148145,0.4054487179487179,0.3656535947712418,45.0
weighted avg,0.4469135802469136,0.4222222222222222,0.37434422657952066,45.0
