class,auc
CN,0.6551724137931034
MCI,0.5528846153846154
AD,0.7349137931034482
