,precision,recall,f1-score,support
CN,0.4444444444444444,0.25,0.32,16.0
MCI,0.3333333333333333,0.07692307692307693,0.125,13.0
AD,0.3939393939393939,0.8125,0.5306122448979592,16.0
accuracy,0.4,0.4,0.4,0.4
macro avg,0.39057239057239057,0.3798076923076923,0.3252040816326531,45.0
weighted avg,0.39438832772166105,0.4,0.33855102040816326,45.0
