class,auc
CN,0.6551724137931034
MCI,0.5769230769230769
AD,0.732758620689655
