class,auc
CN,0.5366379310344828
MCI,0.5048076923076923
AD,0.47413793103448276
