,precision,recall,f1-score,support
CN,0.5333333333333333,0.5,0.5161290322580645,16.0
MCI,0.2222222222222222,0.15384615384615385,0.18181818181818182,13.0
AD,0.42857142857142855,0.5625,0.4864864864864865,16.0
accuracy,0.4222222222222222,0.4222222222222222,0.4222222222222222,0.4222222222222222
macro avg,0.39470899470899473,0.4054487179487179,0.394811233520911,45.0
weighted avg,0.40620811287477954,0.4222222222222222,0.4090107703010929,45.0
