class,auc
CN,0.5560344827586207
MCI,0.5673076923076923
AD,0.6379310344827587
