,precision,recall,f1-score,support
CN,0.5,0.75,0.6,16.0
MCI,0.35,0.5384615384615384,0.42424242424242425,13.0
AD,0.0,0.0,0.0,16.0
accuracy,0.4222222222222222,0.4222222222222222,0.4222222222222222,0.4222222222222222
macro avg,0.2833333333333333,0.42948717948717946,0.3414141414141414,45.0
weighted avg,0.2788888888888889,0.4222222222222222,0.3358922558922559,45.0
