class,auc
CN,0.6907327586206897
MCI,0.5673076923076923
AD,0.6465517241379309
