,precision,recall,f1-score,support
CN,0.41935483870967744,0.8125,0.5531914893617021,16.0
MCI,0.0,0.0,0.0,13.0
AD,0.35714285714285715,0.3125,0.3333333333333333,16.0
accuracy,0.4,0.4,0.4,0.4
macro avg,0.2588325652841782,0.375,0.2955082742316785,45.0
weighted avg,0.27608806963645677,0.4,0.31520882584712373,45.0
