class,auc
CN,0.646551724137931
MCI,0.6634615384615385
AD,0.5193965517241379
