,precision,recall,f1-score,support
CN,0.35555555555555557,1.0,0.5245901639344263,16.0
MCI,0.0,0.0,0.0,13.0
AD,0.0,0.0,0.0,16.0
accuracy,0.35555555555555557,0.35555555555555557,0.35555555555555557,0.35555555555555557
macro avg,0.11851851851851852,0.3333333333333333,0.17486338797814208,45.0
weighted avg,0.12641975308641976,0.35555555555555557,0.18652094717668488,45.0
