Model,Test Loss,Test Accuracy (%),F1 Score - CN,F1 Score - MCI,F1 Score - AD,ROC AUC - CN,ROC AUC - MCI,ROC AUC - AD,Average F1 Score,Average ROC AUC
alexnet3d,1.034703368610806,53.333333333333336,0.6,0.4347826086956521,0.5185185185185185,0.7036637931034483,0.6105769230769231,0.6002155172413792,0.5177670424047235,0.6381520778072501
resnet3d,1.0571617205937704,44.44444444444444,0.5,0.2727272727272727,0.5,0.7047413793103448,0.5793269230769231,0.6400862068965518,0.42424242424242425,0.6413848364279399
alzheimer_cnn,1.077194462882148,40.0,0.32,0.125,0.5306122448979592,0.6551724137931034,0.5769230769230769,0.732758620689655,0.3252040816326531,0.6549513704686117
