Model,Class,AUC
alexnet3d,CN,0.7036637931034483
alexnet3d,MCI,0.6105769230769231
alexnet3d,AD,0.6002155172413792
alzheimer_cnn,CN,0.6551724137931034
alzheimer_cnn,MCI,0.5769230769230769
alzheimer_cnn,AD,0.732758620689655
resnet3d,CN,0.7047413793103448
resnet3d,MCI,0.5793269230769231
resnet3d,AD,0.6400862068965518
