,precision,recall,f1-score,support
CN,0.0,0.0,0.0,16.0
MCI,0.28888888888888886,1.0,0.4482758620689655,13.0
AD,0.0,0.0,0.0,16.0
accuracy,0.28888888888888886,0.28888888888888886,0.28888888888888886,0.28888888888888886
macro avg,0.09629629629629628,0.3333333333333333,0.14942528735632185,45.0
weighted avg,0.08345679012345678,0.28888888888888886,0.12950191570881225,45.0
