class,auc
CN,0.6357758620689656
MCI,0.5625
AD,0.8146551724137931
