Model,Test Loss,Test Accuracy (%),F1 Score - CN,F1 Score - MCI,F1 Score - AD,ROC AUC - CN,ROC AUC - MCI,ROC AUC - AD,Average F1 Score,Average ROC AUC
alexnet3d,1.034708595275879,53.333333333333336,0.6,0.4347826086956521,0.5185185185185185,0.7036637931034483,0.6105769230769231,0.6002155172413792,0.5177670424047235,0.6381520778072501
resnet3d,1.0521854784753588,46.66666666666666,0.5714285714285714,0.3703703703703703,0.3809523809523809,0.7198275862068966,0.5817307692307693,0.625,0.44091710758377417,0.642186118479222
alzheimer_cnn,1.1947833087709214,28.88888888888889,0.0,0.4482758620689655,0.0,0.6357758620689656,0.5625,0.8146551724137931,0.14942528735632185,0.6709770114942529
