Model,Class,AUC
alexnet3d,CN,0.7036637931034483
alexnet3d,MCI,0.6105769230769231
alexnet3d,AD,0.6002155172413792
alzheimer_cnn,CN,0.6357758620689656
alzheimer_cnn,MCI,0.5625
alzheimer_cnn,AD,0.8146551724137931
resnet3d,CN,0.7198275862068966
resnet3d,MCI,0.5817307692307693
resnet3d,AD,0.625
